CODE_INSEE,ville,CODE POSTAL,DEPARTEMENT
91021,arpajon,91290,ESSONNE
91075,bois-herpin,91150,ESSONNE
91100,bouville,91880,ESSONNE
91225,etiolles,91450,ESSONNE
91286,grigny,91350,ESSONNE
91538,st-aubin,91190,ESSONNE
91639,vayres-sur-essonne,91820,ESSONNE
92014,bourg-la-reine,92340,HAUTS-DE-SEINE
92040,issy-les-moulineaux,92130,HAUTS-DE-SEINE
93032,gagny,93220,SEINE-SAINT-DENIS
94015,bry-sur-marne,94360,VAL-DE-MARNE
94017,champigny-sur-marne,94500,VAL-DE-MARNE
95040,avernes,95450,VAL-D\'OISE
95150,chaussy,95710,VAL-D\'OISE
95197,deuil-la-barre,95170,VAL-D\'OISE
95210,enghien-les-bains,95880,VAL-D\'OISE
95422,montgeroult,95650,VAL-D\'OISE
95430,montsoult,95560,VAL-D\'OISE
95446,nesles-la-vallee,95690,VAL-D\'OISE
95527,roissy-en-france,95700,VAL-D\'OISE
95563,st-leu-la-foret,95320,VAL-D\'OISE
95625,us,95450,VAL-D\'OISE
75119,paris-19,75019,PARIS
77016,bagneaux-sur-loing,77167,SEINE-ET-MARNE
77049,boutigny,77470,SEINE-ET-MARNE
77054,la-brosse-montceaux,77940,SEINE-ET-MARNE
77138,courtomer,77390,SEINE-ET-MARNE
77144,crevecoeur-en-brie,77610,SEINE-ET-MARNE
77174,everly,77157,SEINE-ET-MARNE
77176,faremoutiers,77515,SEINE-ET-MARNE
77181,ferrieres-en-brie,77164,SEINE-ET-MARNE
77185,fleury-en-biere,77930,SEINE-ET-MARNE
77203,germigny-l-eveque,77910,SEINE-ET-MARNE
77319,mortery,77160,SEINE-ET-MARNE
77337,noisiel,77186,SEINE-ET-MARNE
77345,orly-sur-morin,77750,SEINE-ET-MARNE
77349,othis,77280,SEINE-ET-MARNE
77368,poigny,77160,SEINE-ET-MARNE
77376,precy-sur-marne,77410,SEINE-ET-MARNE
77416,st-just-en-brie,77370,SEINE-ET-MARNE
77436,st-simeon,77169,SEINE-ET-MARNE
77473,treuzy-levelay,77710,SEINE-ET-MARNE
77514,villeparisis,77270,SEINE-ET-MARNE
78009,allainville,78660,YVELINES
78172,conflans-ste-honorine,78700,YVELINES
78209,emance,78125,YVELINES
78368,mareil-sur-mauldre,78124,YVELINES
78455,noisy-le-roi,78590,YVELINES
91105,breuillet,91650,ESSONNE
91560,st-jean-de-beauregard,91940,ESSONNE
94069,st-maurice,94410,VAL-DE-MARNE
95019,arnouville,95400,VAL-D\'OISE
95042,baillet-en-france,95560,VAL-D\'OISE
95119,buhy,95770,VAL-D\'OISE
95250,fosses,95470,VAL-D\'OISE
95392,meriel,95630,VAL-D\'OISE
95523,la-roche-guyon,95780,VAL-D\'OISE
95682,villiers-le-sec,95720,VAL-D\'OISE
91148,chauffour-les-etrechy,91580,ESSONNE
91414,monnerville,91930,ESSONNE
92036,gennevilliers,92230,HAUTS-DE-SEINE
77014,avon,77210,SEINE-ET-MARNE
77063,la-celle-sur-morin,77515,SEINE-ET-MARNE
77095,charny,77410,SEINE-ET-MARNE
77112,chevrainvilliers,77760,SEINE-ET-MARNE
77187,fontaine-fourches,77480,SEINE-ET-MARNE
77252,limoges-fourches,77550,SEINE-ET-MARNE
77272,maison-rouge,77370,SEINE-ET-MARNE
77274,marcilly,77139,SEINE-ET-MARNE
75101,paris-01,75001,PARIS
75118,paris-18,75018,PARIS
77307,montevrain,77144,SEINE-ET-MARNE
77308,montge-en-goele,77230,SEINE-ET-MARNE
77326,nandy,77176,SEINE-ET-MARNE
77373,pontault-combault,77340,SEINE-ET-MARNE
77387,remauville,77710,SEINE-ET-MARNE
77399,st-ange-le-viel,77710,SEINE-ET-MARNE
77409,st-germain-laval,77130,SEINE-ET-MARNE
77459,sourdun,77171,SEINE-ET-MARNE
77469,touquin,77131,SEINE-ET-MARNE
77470,tournan-en-brie,77220,SEINE-ET-MARNE
77486,vaudoy-en-brie,77141,SEINE-ET-MARNE
78123,carrieres-sous-poissy,78955,YVELINES
78147,chaufour-les-bonnieres,78270,YVELINES
78264,gambaiseuil,78490,YVELINES
78335,limay,78520,YVELINES
78367,mareil-marly,78750,YVELINES
78451,nezel,78410,YVELINES
78460,oinville-sur-montcient,78250,YVELINES
78472,orsonville,78660,YVELINES
78668,la-villeneuve-en-chevrie,78270,YVELINES
78677,villette,78930,YVELINES
77008,armentieres-en-brie,77440,SEINE-ET-MARNE
77099,chateau-landon,77570,SEINE-ET-MARNE
77146,croissy-beaubourg,77183,SEINE-ET-MARNE
77153,dammartin-en-goele,77230,SEINE-ET-MARNE
77158,diant,77940,SEINE-ET-MARNE
77170,episy,77250,SEINE-ET-MARNE
77182,la-ferte-gaucher,77320,SEINE-ET-MARNE
77228,hondevilliers,77510,SEINE-ET-MARNE
77243,lagny-sur-marne,77400,SEINE-ET-MARNE
77280,mary-sur-marne,77440,SEINE-ET-MARNE
75111,paris-11,75011,PARIS
75120,paris-20,75020,PARIS
77294,mitry-mory,77290,SEINE-ET-MARNE
77315,montry,77450,SEINE-ET-MARNE
77322,moussy-le-neuf,77230,SEINE-ET-MARNE
77363,le-pin,77181,SEINE-ET-MARNE
77426,st-mery,77720,SEINE-ET-MARNE
77432,st-remy-la-vanne,77320,SEINE-ET-MARNE
77447,seine-port,77240,SEINE-ET-MARNE
77465,thoury-ferottes,77940,SEINE-ET-MARNE
77478,ussy-sur-marne,77260,SEINE-ET-MARNE
77482,varennes-sur-seine,77130,SEINE-ET-MARNE
77500,villebeon,77710,SEINE-ET-MARNE
77510,villeneuve-st-denis,77174,SEINE-ET-MARNE
77511,villeneuve-sous-dammartin,77230,SEINE-ET-MARNE
77523,villuis,77480,SEINE-ET-MARNE
78013,andelu,78770,YVELINES
78033,aulnay-sur-mauldre,78126,YVELINES
78043,bailly,78870,YVELINES
78053,behoust,78910,YVELINES
78307,hermeray,78125,YVELINES
78420,montfort-l-amaury,78490,YVELINES
78464,orcemont,78125,YVELINES
78466,orgeval,78630,YVELINES
78590,senlisse,78720,YVELINES
78620,toussus-le-noble,78117,YVELINES
91022,arrancourt,91690,ESSONNE
91129,cerny,91590,ESSONNE
91130,chalo-st-mars,91780,ESSONNE
91136,champlan,91160,ESSONNE
91378,mauchamps,91730,ESSONNE
92033,garches,92380,HAUTS-DE-SEINE
92078,villeneuve-la-garenne,92390,HAUTS-DE-SEINE
93049,neuilly-plaisance,93360,SEINE-SAINT-DENIS
93071,sevran,93270,SEINE-SAINT-DENIS
94065,rungis,94150,VAL-DE-MARNE
94070,santeny,94440,VAL-DE-MARNE
94075,villecresnes,94440,VAL-DE-MARNE
94078,villeneuve-st-georges,94190,VAL-DE-MARNE
95011,ambleville,95710,VAL-D\'OISE
95271,genicourt,95650,VAL-D\'OISE
95348,longuesse,95450,VAL-D\'OISE
95658,vigny,95450,VAL-D\'OISE
91156,cheptainville,91630,ESSONNE
91179,le-coudray-montceaux,91830,ESSONNE
91198,d-huison-longueville,91590,ESSONNE
91232,la-ferte-alais,91590,ESSONNE
91330,lardy,91510,ESSONNE
91421,montgeron,91230,ESSONNE
91468,ormoy,91540,ESSONNE
91514,quincy-sous-senart,91480,ESSONNE
91645,verrieres-le-buisson,91370,ESSONNE
92009,bois-colombes,92270,HAUTS-DE-SEINE
92048,meudon,92190,HAUTS-DE-SEINE
92062,puteaux,92800,HAUTS-DE-SEINE
94019,chennevieres-sur-marne,94430,VAL-DE-MARNE
94034,fresnes,94260,VAL-DE-MARNE
95259,gadancourt,95450,VAL-D\'OISE
95328,labbeville,95690,VAL-D\'OISE
95462,omerville,95420,VAL-D\'OISE
95504,presles,95590,VAL-D\'OISE
95555,st-gratien,95210,VAL-D\'OISE
77048,bourron-marlotte,77780,SEINE-ET-MARNE
77056,burcy,77760,SEINE-ET-MARNE
77162,doue,77510,SEINE-ET-MARNE
77188,fontaine-le-port,77590,SEINE-ET-MARNE
77208,gouaix,77114,SEINE-ET-MARNE
77219,guerard,77580,SEINE-ET-MARNE
77236,jaulnes,77480,SEINE-ET-MARNE
77265,luzancy,77138,SEINE-ET-MARNE
77290,mery-sur-marne,77730,SEINE-ET-MARNE
75107,paris-07,75007,PARIS
75113,paris-13,75013,PARIS
77333,nemours,77140,SEINE-ET-MARNE
77338,noisy-rudignon,77940,SEINE-ET-MARNE
77353,paley,77710,SEINE-ET-MARNE
77410,st-germain-laxis,77950,SEINE-ET-MARNE
77438,st-thibault-des-vignes,77400,SEINE-ET-MARNE
77452,sigy,77520,SEINE-ET-MARNE
78113,brueil-en-vexin,78440,YVELINES
78361,mantes-la-jolie,78200,YVELINES
78423,montigny-le-bretonneux,78180,YVELINES
78486,le-perray-en-yvelines,78610,YVELINES
78501,porcheville,78440,YVELINES
78536,sailly,78440,YVELINES
78647,vert,78930,YVELINES
78686,viroflay,78220,YVELINES
77019,balloy,77118,SEINE-ET-MARNE
77052,breau,77720,SEINE-ET-MARNE
77062,carnetin,77400,SEINE-ET-MARNE
77077,chambry,77910,SEINE-ET-MARNE
77102,chatenoy,77167,SEINE-ET-MARNE
77150,cuisy,77165,SEINE-ET-MARNE
77172,esmans,77940,SEINE-ET-MARNE
77198,fromont,77760,SEINE-ET-MARNE
77218,grisy-sur-seine,77480,SEINE-ET-MARNE
77260,longueville,77650,SEINE-ET-MARNE
77288,melun,77000,SEINE-ET-MARNE
77330,nanteuil-les-meaux,77100,SEINE-ET-MARNE
77352,ozouer-le-voulgis,77390,SEINE-ET-MARNE
77357,pecy,77970,SEINE-ET-MARNE
77358,penchard,77124,SEINE-ET-MARNE
77443,sancy,77580,SEINE-ET-MARNE
77472,la-tretoire,77510,SEINE-ET-MARNE
77480,valence-en-brie,77830,SEINE-ET-MARNE
77494,vernou-la-celle-sur-seine,77670,SEINE-ET-MARNE
77520,villiers-sous-grez,77760,SEINE-ET-MARNE
77521,villiers-sur-morin,77580,SEINE-ET-MARNE
78030,auffargis,78610,YVELINES
78120,bullion,78830,YVELINES
78124,carrieres-sur-seine,78420,YVELINES
78354,magnanville,78200,YVELINES
78531,rosny-sur-seine,78710,YVELINES
78548,st-forget,78720,YVELINES
78558,st-illiers-la-ville,78980,YVELINES
91081,boissy-le-sec,91870,ESSONNE
91122,bures-sur-yvette,91440,ESSONNE
91184,courdimanche-sur-essonne,91720,ESSONNE
91223,etampes,91150,ESSONNE
91332,leudeville,91630,ESSONNE
91405,milly-la-foret,91490,ESSONNE
91544,st-cyr-la-riviere,91690,ESSONNE
91662,villeconin,91580,ESSONNE
93013,le-bourget,93350,SEINE-SAINT-DENIS
93053,noisy-le-sec,93130,SEINE-SAINT-DENIS
93055,pantin,93500,SEINE-SAINT-DENIS
93062,le-raincy,93340,SEINE-SAINT-DENIS
94048,marolles-en-brie,94440,VAL-DE-MARNE
95039,auvers-sur-oise,95430,VAL-D\'OISE
95063,bezons,95870,VAL-D\'OISE
95352,luzarches,95270,VAL-D\'OISE
95355,magny-en-vexin,95420,VAL-D\'OISE
95676,villers-en-arthies,95510,VAL-D\'OISE
91044,ballainvilliers,91160,ESSONNE
91161,chilly-mazarin,91380,ESSONNE
91533,saclas,91690,ESSONNE
91593,sermaise,91530,ESSONNE
92076,vaucresson,92420,HAUTS-DE-SEINE
94021,chevilly-larue,94550,VAL-DE-MARNE
94081,vitry-sur-seine,94400,VAL-DE-MARNE
95166,clery-en-vexin,95420,VAL-D\'OISE
95181,courcelles-sur-viosne,95650,VAL-D\'OISE
95258,frouville,95690,VAL-D\'OISE
95612,le-thillay,95500,VAL-D\'OISE
77007,argentieres,77390,SEINE-ET-MARNE
77025,bazoches-les-bray,77118,SEINE-ET-MARNE
77035,blennes,77940,SEINE-ET-MARNE
77037,bois-le-roi,77590,SEINE-ET-MARNE
77090,la-chapelle-st-sulpice,77160,SEINE-ET-MARNE
77091,les-chapelles-bourbon,77610,SEINE-ET-MARNE
77101,chatenay-sur-seine,77126,SEINE-ET-MARNE
77161,dormelles,77130,SEINE-ET-MARNE
77192,fontenay-tresigny,77610,SEINE-ET-MARNE
77199,fublaines,77470,SEINE-ET-MARNE
77300,montceaux-les-meaux,77470,SEINE-ET-MARNE
77329,nanteau-sur-lunain,77710,SEINE-ET-MARNE
77385,rebais,77510,SEINE-ET-MARNE
77391,rouilly,77160,SEINE-ET-MARNE
77401,ste-aulde,77260,SEINE-ET-MARNE
77442,samoreau,77210,SEINE-ET-MARNE
77531,voulx,77940,SEINE-ET-MARNE
78062,beynes,78650,YVELINES
78082,boissy-mauvoisin,78200,YVELINES
78143,chateaufort,78117,YVELINES
78255,freneuse,78840,YVELINES
78321,jouars-pontchartrain,78760,YVELINES
78372,marly-le-roi,78160,YVELINES
78576,st-remy-l-honore,78690,YVELINES
77004,andrezel,77390,SEINE-ET-MARNE
77026,beauchery-st-martin,77560,SEINE-ET-MARNE
77094,charmentray,77410,SEINE-ET-MARNE
77111,chessy,77700,SEINE-ET-MARNE
77126,congis-sur-therouanne,77440,SEINE-ET-MARNE
77139,courtry,77181,SEINE-ET-MARNE
77209,gouvernes,77400,SEINE-ET-MARNE
77234,jablines,77450,SEINE-ET-MARNE
77241,juilly,77230,SEINE-ET-MARNE
77246,lechelle,77171,SEINE-ET-MARNE
77258,lognes,77185,SEINE-ET-MARNE
77278,marolles-en-brie,77120,SEINE-ET-MARNE
91457,la-norville,91290,ESSONNE
91511,pussay,91740,ESSONNE
91547,st-escobille,91410,ESSONNE
91667,villemoisson-sur-orge,91360,ESSONNE
93033,gournay-sur-marne,93460,SEINE-SAINT-DENIS
93059,pierrefitte-sur-seine,93380,SEINE-SAINT-DENIS
93066,st-denis,93200,SEINE-SAINT-DENIS
94053,noiseau,94880,VAL-DE-MARNE
95023,arronville,95810,VAL-D\'OISE
95078,boissy-l-aillerie,95650,VAL-D\'OISE
95369,margency,95580,VAL-D\'OISE
95535,sagy,95450,VAL-D\'OISE
95627,vallangoujard,95810,VAL-D\'OISE
95680,villiers-le-bel,95400,VAL-D\'OISE
77304,montenils,77320,SEINE-ET-MARNE
77331,nanteuil-sur-marne,77730,SEINE-ET-MARNE
77369,poincy,77470,SEINE-ET-MARNE
77458,souppes-sur-loing,77460,SEINE-ET-MARNE
77467,la-tombe,77130,SEINE-ET-MARNE
77498,vignely,77450,SEINE-ET-MARNE
78010,les-alluets-le-roi,78580,YVELINES
78089,bonnieres-sur-seine,78270,YVELINES
78133,chambourcy,78240,YVELINES
78217,epone,78680,YVELINES
78362,mantes-la-ville,78711,YVELINES
78410,moisson,78840,YVELINES
78516,raizeux,78125,YVELINES
78522,rochefort-en-yvelines,78730,YVELINES
78550,st-germain-de-la-grange,78640,YVELINES
77318,mortcerf,77163,SEINE-ET-MARNE
77342,obsonville,77890,SEINE-ET-MARNE
77429,st-ouen-sur-morin,77750,SEINE-ET-MARNE
77434,st-sauveur-les-bray,77480,SEINE-ET-MARNE
77450,servon,77170,SEINE-ET-MARNE
77507,villenauxe-la-petite,77480,SEINE-ET-MARNE
77515,villeroy,77410,SEINE-ET-MARNE
78070,boinville-en-mantois,78930,YVELINES
78164,clairefontaine-en-yvelines,78120,YVELINES
78168,coignieres,78310,YVELINES
78337,limetz-villez,78270,YVELINES
78398,les-mesnuls,78490,YVELINES
78401,meulan-en-yvelines,78250,YVELINES
78474,orvilliers,78910,YVELINES
91038,auvers-st-georges,91580,ESSONNE
91080,boissy-le-cutte,91590,ESSONNE
91109,brieres-les-scelles,91150,ESSONNE
91137,champmotteux,91150,ESSONNE
91191,crosne,91560,ESSONNE
91284,les-granges-le-roi,91410,ESSONNE
91319,janvry,91640,ESSONNE
91425,montlhery,91310,ESSONNE
91661,villebon-sur-yvette,91140,ESSONNE
91666,villejust,91140,ESSONNE
92019,chatenay-malabry,92290,HAUTS-DE-SEINE
92024,clichy,92110,HAUTS-DE-SEINE
93027,la-courneuve,93120,SEINE-SAINT-DENIS
93046,livry-gargan,93190,SEINE-SAINT-DENIS
94041,ivry-sur-seine,94200,VAL-DE-MARNE
94054,orly,94310,VAL-DE-MARNE
94055,ormesson-sur-marne,94490,VAL-DE-MARNE
94073,thiais,94320,VAL-DE-MARNE
94080,vincennes,94300,VAL-DE-MARNE
95008,aincourt,95510,VAL-D\'OISE
95011,ambleville,95420,VAL-D\'OISE
95058,bernes-sur-oise,95340,VAL-D\'OISE
95060,bessancourt,95550,VAL-D\'OISE
95120,butry-sur-oise,95430,VAL-D\'OISE
95483,le-perchay,95450,VAL-D\'OISE
95488,pierrelaye,95220,VAL-D\'OISE
77012,augers-en-brie,77560,SEINE-ET-MARNE
77142,crecy-la-chapelle,77580,SEINE-ET-MARNE
77145,crisenoy,77390,SEINE-ET-MARNE
77230,ichy,77890,SEINE-ET-MARNE
77253,lissy,77550,SEINE-ET-MARNE
77268,magny-le-hongre,77700,SEINE-ET-MARNE
77293,misy-sur-yonne,77130,SEINE-ET-MARNE
77018,bailly-romainvilliers,77700,SEINE-ET-MARNE
77039,boissise-la-bertrand,77350,SEINE-ET-MARNE
77097,chartronges,77320,SEINE-ET-MARNE
77137,courtacon,77560,SEINE-ET-MARNE
77148,crouy-sur-ourcq,77840,SEINE-ET-MARNE
77154,dammartin-sur-tigeaux,77163,SEINE-ET-MARNE
77173,etrepilly,77139,SEINE-ET-MARNE
77177,favieres,77220,SEINE-ET-MARNE
77247,lescherolles,77320,SEINE-ET-MARNE
77251,lieusaint,77127,SEINE-ET-MARNE
77266,machault,77133,SEINE-ET-MARNE
77277,marles-en-brie,77610,SEINE-ET-MARNE
77282,mauregard,77990,SEINE-ET-MARNE
77285,le-mee-sur-seine,77350,SEINE-ET-MARNE
77343,ocquerre,77440,SEINE-ET-MARNE
77415,st-jean-les-deux-jumeaux,77660,SEINE-ET-MARNE
77489,vaux-sur-lunain,77710,SEINE-ET-MARNE
77492,verdelot,77510,SEINE-ET-MARNE
77508,villeneuve-le-comte,77174,SEINE-ET-MARNE
77525,vinantes,77230,SEINE-ET-MARNE
77527,voinsles,77540,SEINE-ET-MARNE
78020,arnouville-les-mantes,78790,YVELINES
78092,bougival,78380,YVELINES
78108,les-breviaires,78610,YVELINES
78234,flacourt,78200,YVELINES
78236,flexanville,78910,YVELINES
78251,fourqueux,78112,YVELINES
78262,galluis,78490,YVELINES
78283,grandchamp,78113,YVELINES
78311,houilles,78800,YVELINES
78314,issou,78440,YVELINES
78320,jeufosse,78270,YVELINES
78439,mulcent,78790,YVELINES
78475,osmoy,78910,YVELINES
78591,septeuil,78790,YVELINES
78640,velizy-villacoublay,78140,YVELINES
78650,le-vesinet,78110,YVELINES
75117,paris-17,75017,PARIS
91069,boigneville,91720,ESSONNE
91086,bondoufle,91070,ESSONNE
91115,bruyeres-le-chatel,91680,ESSONNE
91182,courcouronnes,91080,ESSONNE
91293,guigneville-sur-essonne,91590,ESSONNE
91463,oncy-sur-ecole,91490,ESSONNE
91578,st-sulpice-de-favieres,91910,ESSONNE
91600,soisy-sur-seine,91450,ESSONNE
92046,malakoff,92240,HAUTS-DE-SEINE
92047,marnes-la-coquette,92430,HAUTS-DE-SEINE
93070,st-ouen,93400,SEINE-SAINT-DENIS
94018,charenton-le-pont,94220,VAL-DE-MARNE
94068,st-maur-des-fosses,94210,VAL-DE-MARNE
94077,villeneuve-le-roi,94290,VAL-DE-MARNE
95051,beauchamp,95250,VAL-D\'OISE
95127,cergy,95000,VAL-D\'OISE
95447,neuilly-en-vexin,95640,VAL-D\'OISE
95476,osny,95520,VAL-D\'OISE
95611,theuville,95810,VAL-D\'OISE
95633,vaudherland,95500,VAL-D\'OISE
95641,vemars,95470,VAL-D\'OISE
77010,aubepierre-ozouer-le-repos,77720,SEINE-ET-MARNE
77034,blandy,77115,SEINE-ET-MARNE
77047,bouleurs,77580,SEINE-ET-MARNE
77069,chailly-en-biere,77930,SEINE-ET-MARNE
77083,champs-sur-marne,77420,SEINE-ET-MARNE
77106,chauffry,77169,SEINE-ET-MARNE
77115,chevry-en-sereine,77710,SEINE-ET-MARNE
77121,collegien,77090,SEINE-ET-MARNE
77125,conde-ste-libiaire,77450,SEINE-ET-MARNE
77135,courpalay,77540,SEINE-ET-MARNE
77143,cregy-les-meaux,77124,SEINE-ET-MARNE
77147,la-croix-en-brie,77370,SEINE-ET-MARNE
77237,jossigny,77600,SEINE-ET-MARNE
77239,jouy-le-chatel,77970,SEINE-ET-MARNE
77267,la-madeleine-sur-loing,77570,SEINE-ET-MARNE
77287,meilleray,77320,SEINE-ET-MARNE
91121,buno-bonnevaux,91720,ESSONNE
91174,corbeil-essonnes,91100,ESSONNE
91200,dourdan,91410,ESSONNE
91222,estouches,91660,ESSONNE
91275,gometz-le-chatel,91940,ESSONNE
91363,marcoussis,91460,ESSONNE
91507,prunay-sur-essonne,91720,ESSONNE
91540,st-cheron,91530,ESSONNE
91654,videlles,91890,ESSONNE
92007,bagneux,92220,HAUTS-DE-SEINE
92035,la-garenne-colombes,92250,HAUTS-DE-SEINE
94001,ablon-sur-seine,94480,VAL-DE-MARNE
94060,la-queue-en-brie,94510,VAL-DE-MARNE
95052,beaumont-sur-oise,95260,VAL-D\'OISE
95151,chauvry,95560,VAL-D\'OISE
95176,cormeilles-en-parisis,95240,VAL-D\'OISE
95304,hedouville,95690,VAL-D\'OISE
95493,le-plessis-luzarches,95270,VAL-D\'OISE
95610,themericourt,95450,VAL-D\'OISE
95656,vienne-en-arthies,95510,VAL-D\'OISE
77296,moissy-cramayel,77550,SEINE-ET-MARNE
77302,montcourt-fromonville,77140,SEINE-ET-MARNE
77381,quiers,77720,SEINE-ET-MARNE
77389,la-rochette,77000,SEINE-ET-MARNE
77462,thieux,77230,SEINE-ET-MARNE
77524,vimpelles,77520,SEINE-ET-MARNE
78077,la-boissiere-ecole,78125,YVELINES
78196,davron,78810,YVELINES
78265,garancieres,78890,YVELINES
78329,lainville-en-vexin,78440,YVELINES
78346,longnes,78980,YVELINES
78437,mousseaux-sur-seine,78270,YVELINES
78499,ponthevrard,78730,YVELINES
78601,sonchamp,78120,YVELINES
78615,thiverval-grignon,78850,YVELINES
75104,paris-04,75004,PARIS
77483,varreddes,77910,SEINE-ET-MARNE
78238,flins-sur-seine,78410,YVELINES
78281,goussonville,78930,YVELINES
78300,hargeville,78790,YVELINES
78416,montalet-le-bois,78440,YVELINES
78444,neauphlette,78980,YVELINES
78505,prunay-le-temple,78910,YVELINES
78575,st-remy-les-chevreuse,78470,YVELINES
78608,le-tertre-st-denis,78980,YVELINES
77325,mouy-sur-seine,77480,SEINE-ET-MARNE
77336,neufmoutiers-en-brie,77610,SEINE-ET-MARNE
77423,st-martin-des-champs,77320,SEINE-ET-MARNE
77425,st-martin-en-biere,77630,SEINE-ET-MARNE
77471,tousson,77123,SEINE-ET-MARNE
91097,boussy-st-antoine,91800,ESSONNE
91201,draveil,91210,ESSONNE
91228,evry,91000,ESSONNE
91235,fleury-merogis,91700,ESSONNE
91272,gif-sur-yvette,91190,ESSONNE
91408,moigny-sur-ecole,91490,ESSONNE
91602,souzy-la-briche,91580,ESSONNE
91630,le-val-st-germain,91530,ESSONNE
91634,vaugrigneuse,91640,ESSONNE
92032,fontenay-aux-roses,92260,HAUTS-DE-SEINE
92049,montrouge,92120,HAUTS-DE-SEINE
93048,montreuil,93100,SEINE-SAINT-DENIS
93051,noisy-le-grand,93160,SEINE-SAINT-DENIS
93077,villemomble,93250,SEINE-SAINT-DENIS
93079,villetaneuse,93430,SEINE-SAINT-DENIS
95056,belloy-en-france,95270,VAL-D\'OISE
95088,bonneuil-en-france,95500,VAL-D\'OISE
95094,bouqueval,95720,VAL-D\'OISE
95213,epiais-rhus,95810,VAL-D\'OISE
95370,marines,95640,VAL-D\'OISE
95409,moisselles,95570,VAL-D\'OISE
95426,montlignon,95680,VAL-D\'OISE
95539,st-brice-sous-foret,95350,VAL-D\'OISE
95594,seugy,95270,VAL-D\'OISE
95660,villaines-sous-bois,95570,VAL-D\'OISE
95678,villiers-adam,95840,VAL-D\'OISE
77009,arville,77890,SEINE-ET-MARNE
77050,bransles,77620,SEINE-ET-MARNE
77058,bussy-st-georges,77600,SEINE-ET-MARNE
77059,bussy-st-martin,77600,SEINE-ET-MARNE
77155,dampmart,77400,SEINE-ET-MARNE
77163,douy-la-ramee,77139,SEINE-ET-MARNE
77211,grandpuits-bailly-carrois,77720,SEINE-ET-MARNE
77220,guercheville,77760,SEINE-ET-MARNE
77232,isles-les-villenoy,77450,SEINE-ET-MARNE
77273,marchemoret,77230,SEINE-ET-MARNE
77286,meigneux,77520,SEINE-ET-MARNE
77291,le-mesnil-amelot,77990,SEINE-ET-MARNE
75108,paris-08,75008,PARIS
77024,bassevelle,77750,SEINE-ET-MARNE
77051,bray-sur-seine,77480,SEINE-ET-MARNE
77053,brie-comte-robert,77170,SEINE-ET-MARNE
77108,chelles,77500,SEINE-ET-MARNE
77120,cocherel,77440,SEINE-ET-MARNE
77133,courcelles-en-bassee,77126,SEINE-ET-MARNE
77190,fontains,77370,SEINE-ET-MARNE
77271,maisoncelles-en-gatinais,77570,SEINE-ET-MARNE
75105,paris-05,75005,PARIS
77299,montarlot,77250,SEINE-ET-MARNE
77305,montereau-fault-yonne,77130,SEINE-ET-MARNE
77332,nantouillet,77230,SEINE-ET-MARNE
77440,sammeron,77260,SEINE-ET-MARNE
77451,signy-signets,77640,SEINE-ET-MARNE
77454,sognolles-en-montois,77520,SEINE-ET-MARNE
77493,verneuil-l-etang,77390,SEINE-ET-MARNE
77506,villemer,77250,SEINE-ET-MARNE
77513,villenoy,77124,SEINE-ET-MARNE
77517,villevaude,77410,SEINE-ET-MARNE
78034,auteuil,78770,YVELINES
78146,chatou,78400,YVELINES
78202,drocourt,78440,YVELINES
78317,jambville,78440,YVELINES
78383,maurepas,78310,YVELINES
78402,mezieres-sur-seine,78970,YVELINES
78407,mittainville,78125,YVELINES
78517,rambouillet,78120,YVELINES
78674,villepreux,78450,YVELINES
91175,corbreuse,91410,ESSONNE
91244,fontenay-le-vicomte,91540,ESSONNE
91359,maisse,91720,ESSONNE
91479,paray-vieille-poste,94390,ESSONNE
91629,valpuiseaux,91720,ESSONNE
92071,sceaux,92330,HAUTS-DE-SEINE
92072,sevres,92310,HAUTS-DE-SEINE
93014,clichy-sous-bois,93390,SEINE-SAINT-DENIS
93061,le-pre-st-gervais,93310,SEINE-SAINT-DENIS
93074,vaujours,93410,SEINE-SAINT-DENIS
94004,boissy-st-leger,94470,VAL-DE-MARNE
94028,creteil,94000,VAL-DE-MARNE
94047,mandres-les-roses,94520,VAL-DE-MARNE
94068,st-maur-des-fosses,94100,VAL-DE-MARNE
95489,piscop,95350,VAL-D\'OISE
95592,seraincourt,95450,VAL-D\'OISE
75115,paris-15,75015,PARIS
91027,athis-mons,91200,ESSONNE
91064,bievres,91570,ESSONNE
91216,epinay-sur-orge,91360,ESSONNE
91326,juvisy-sur-orge,91260,ESSONNE
91412,mondeville,91590,ESSONNE
91433,morigny-champigny,91150,ESSONNE
93005,aulnay-sous-bois,93600,SEINE-SAINT-DENIS
93010,bondy,93140,SEINE-SAINT-DENIS
93064,rosny-sous-bois,93110,SEINE-SAINT-DENIS
93072,stains,93240,SEINE-SAINT-DENIS
94058,le-perreux-sur-marne,94170,VAL-DE-MARNE
94071,sucy-en-brie,94370,VAL-DE-MARNE
95059,berville,95810,VAL-D\'OISE
95183,courdimanche,95800,VAL-D\'OISE
95309,hodent,95420,VAL-D\'OISE
95323,jouy-le-moutier,95280,VAL-D\'OISE
95388,menucourt,95180,VAL-D\'OISE
95450,neuville-sur-oise,95000,VAL-D\'OISE
95452,nointel,95590,VAL-D\'OISE
95488,pierrelaye,95480,VAL-D\'OISE
77013,aulnoy,77120,SEINE-ET-MARNE
77028,beautheil,77120,SEINE-ET-MARNE
77041,boissy-aux-cailles,77760,SEINE-ET-MARNE
77167,egligny,77126,SEINE-ET-MARNE
77196,fresnes-sur-marne,77410,SEINE-ET-MARNE
77225,la-haute-maison,77580,SEINE-ET-MARNE
77255,livry-sur-seine,77000,SEINE-ET-MARNE
77275,les-marets,77560,SEINE-ET-MARNE
77295,moisenay,77950,SEINE-ET-MARNE
77328,nanteau-sur-essonne,77760,SEINE-ET-MARNE
77365,le-plessis-feu-aussoux,77540,SEINE-ET-MARNE
77382,quincy-voisins,77860,SEINE-ET-MARNE
77468,torcy,77200,SEINE-ET-MARNE
77501,villecerf,77250,SEINE-ET-MARNE
77504,villemarechal,77710,SEINE-ET-MARNE
77505,villemareuil,77470,SEINE-ET-MARNE
77512,villeneuve-sur-bellot,77510,SEINE-ET-MARNE
77533,vulaines-sur-seine,77870,SEINE-ET-MARNE
78188,cravent,78270,YVELINES
78344,lommoye,78270,YVELINES
78569,ste-mesme,78730,YVELINES
75103,paris-03,75003,PARIS
91047,baulne,91590,ESSONNE
91274,gometz-la-ville,91400,ESSONNE
91482,pecqueuse,91470,ESSONNE
91599,soisy-sur-ecole,91840,ESSONNE
91691,yerres,91330,ESSONNE
92025,colombes,92700,HAUTS-DE-SEINE
93045,les-lilas,93260,SEINE-SAINT-DENIS
93057,les-pavillons-sous-bois,93320,SEINE-SAINT-DENIS
94002,alfortville,94140,VAL-DE-MARNE
95026,asnieres-sur-oise,95270,VAL-D\'OISE
95529,ronquerolles,95340,VAL-D\'OISE
95572,st-ouen-l-aumone,95310,VAL-D\'OISE
95582,sannois,95110,VAL-D\'OISE
95607,taverny,95150,VAL-D\'OISE
77128,couilly-pont-aux-dames,77860,SEINE-ET-MARNE
77141,coutevroult,77580,SEINE-ET-MARNE
77201,gastins,77370,SEINE-ET-MARNE
77233,iverny,77165,SEINE-ET-MARNE
77245,laval-en-brie,77148,SEINE-ET-MARNE
77259,longperrier,77230,SEINE-ET-MARNE
77276,mareuil-les-meaux,77100,SEINE-ET-MARNE
77289,melz-sur-seine,77171,SEINE-ET-MARNE
77314,montolivet,77320,SEINE-ET-MARNE
77374,pontcarre,77135,SEINE-ET-MARNE
77384,reau,77550,SEINE-ET-MARNE
77408,st-fiacre,77470,SEINE-ET-MARNE
77441,samois-sur-seine,77920,SEINE-ET-MARNE
77448,sept-sorts,77260,SEINE-ET-MARNE
77466,tigeaux,77163,SEINE-ET-MARNE
77474,trilbardou,77450,SEINE-ET-MARNE
77516,ville-st-jacques,77130,SEINE-ET-MARNE
78220,les-essarts-le-roi,78690,YVELINES
78231,favrieux,78200,YVELINES
78380,maule,78580,YVELINES
78406,milon-la-chapelle,78470,YVELINES
78624,triel-sur-seine,78510,YVELINES
91041,avrainville,91630,ESSONNE
91093,boullay-les-troux,91470,ESSONNE
91106,breux-jouy,91650,ESSONNE
91386,mennecy,91540,ESSONNE
91435,morsang-sur-seine,91250,ESSONNE
91508,puiselet-le-marais,91150,ESSONNE
91526,roinvilliers,91150,ESSONNE
92048,meudon,92360,HAUTS-DE-SEINE
92073,suresnes,92150,HAUTS-DE-SEINE
92077,ville-d-avray,92410,HAUTS-DE-SEINE
93029,drancy,93700,SEINE-SAINT-DENIS
95116,bruyeres-sur-oise,95820,VAL-D\'OISE
95211,ennery,95300,VAL-D\'OISE
95308,herouville,95300,VAL-D\'OISE
95341,livilliers,95300,VAL-D\'OISE
95365,mareil-en-france,95850,VAL-D\'OISE
95456,noisy-sur-oise,95270,VAL-D\'OISE
95480,parmain,95620,VAL-D\'OISE
95492,le-plessis-gassot,95720,VAL-D\'OISE
95604,survilliers,95470,VAL-D\'OISE
95652,viarmes,95270,VAL-D\'OISE
77003,amponville,77760,SEINE-ET-MARNE
77020,bannost-villegagnon,77970,SEINE-ET-MARNE
77029,beauvoir,77390,SEINE-ET-MARNE
77038,boissettes,77350,SEINE-ET-MARNE
77067,cesson,77240,SEINE-ET-MARNE
77136,courquetaine,77390,SEINE-ET-MARNE
77169,emerainville,77184,SEINE-ET-MARNE
77193,forfry,77165,SEINE-ET-MARNE
77212,gravon,77118,SEINE-ET-MARNE
77226,hericy,77850,SEINE-ET-MARNE
77256,lizines,77650,SEINE-ET-MARNE
77360,pezarches,77131,SEINE-ET-MARNE
77377,presles-en-brie,77220,SEINE-ET-MARNE
77430,st-pathus,77178,SEINE-ET-MARNE
77453,sivry-courtry,77115,SEINE-ET-MARNE
77455,soignolles-en-brie,77111,SEINE-ET-MARNE
77457,solers,77111,SEINE-ET-MARNE
78117,buc,78530,YVELINES
78160,chevreuse,78460,YVELINES
78245,fontenay-mauvoisin,78200,YVELINES
78261,gaillon-sur-montcient,78250,YVELINES
78263,gambais,78950,YVELINES
78305,herbeville,78580,YVELINES
78322,jouy-en-josas,78350,YVELINES
78415,montainville,78124,YVELINES
78513,la-queue-les-yvelines,78940,YVELINES
78564,st-martin-de-brethencourt,78660,YVELINES
77005,annet-sur-marne,77410,SEINE-ET-MARNE
77036,boisdon,77970,SEINE-ET-MARNE
77044,bombon,77720,SEINE-ET-MARNE
77057,bussieres,77750,SEINE-ET-MARNE
77072,chalautre-la-grande,77171,SEINE-ET-MARNE
77076,chalmaison,77650,SEINE-ET-MARNE
77089,la-chapelle-rablais,77370,SEINE-ET-MARNE
77103,chatillon-la-borde,77820,SEINE-ET-MARNE
77123,compans,77290,SEINE-ET-MARNE
77175,evry-gregy-sur-yerre,77166,SEINE-ET-MARNE
77224,hautefeuille,77515,SEINE-ET-MARNE
77257,lizy-sur-ourcq,77440,SEINE-ET-MARNE
77270,maisoncelles-en-brie,77580,SEINE-ET-MARNE
77340,nonville,77140,SEINE-ET-MARNE
77413,st-germain-sur-morin,77860,SEINE-ET-MARNE
77419,st-mammes,77670,SEINE-ET-MARNE
77461,thenisy,77520,SEINE-ET-MARNE
77519,villiers-st-georges,77560,SEINE-ET-MARNE
78163,civry-la-foret,78910,YVELINES
78189,crespieres,78121,YVELINES
78190,croissy-sur-seine,78290,YVELINES
78324,jouy-mauvoisin,78200,YVELINES
78349,longvilliers,78730,YVELINES
78391,mericourt,78270,YVELINES
78417,montchauvet,78790,YVELINES
78565,st-martin-des-champs,78790,YVELINES
78597,soindres,78200,YVELINES
75116,paris-16,75116,PARIS
91345,longjumeau,91160,ESSONNE
91534,saclay,91400,ESSONNE
93066,st-denis,93210,SEINE-SAINT-DENIS
94059,le-plessis-trevise,94420,VAL-DE-MARNE
95149,chaumontel,95270,VAL-D\'OISE
95169,commeny,95450,VAL-D\'OISE
95288,groslay,95410,VAL-D\'OISE
95500,pontoise,95000,VAL-D\'OISE
95566,st-martin-du-tertre,95270,VAL-D\'OISE
77061,cannes-ecluse,77130,SEINE-ET-MARNE
77086,la-chapelle-gauthier,77720,SEINE-ET-MARNE
77093,la-chapelle-moutils,77320,SEINE-ET-MARNE
77127,coubert,77170,SEINE-ET-MARNE
77134,courchamp,77560,SEINE-ET-MARNE
77262,louan-villegruis-fontaine,77560,SEINE-ET-MARNE
77263,luisetaines,77520,SEINE-ET-MARNE
77269,maincy,77950,SEINE-ET-MARNE
77335,chauconin-neufmontiers,77124,SEINE-ET-MARNE
77370,poligny,77167,SEINE-ET-MARNE
77397,saacy-sur-marne,77730,SEINE-ET-MARNE
77417,st-leger,77510,SEINE-ET-MARNE
77428,st-ouen-en-brie,77720,SEINE-ET-MARNE
77460,tancrou,77440,SEINE-ET-MARNE
77485,le-vaudoue,77123,SEINE-ET-MARNE
78125,la-celle-les-bordes,78720,YVELINES
78128,cernay-la-ville,78720,YVELINES
78230,la-falaise,78410,YVELINES
78343,les-loges-en-josas,78350,YVELINES
78490,plaisir,78370,YVELINES
78502,le-port-marly,78560,YVELINES
78520,richebourg,78550,YVELINES
78559,st-illiers-le-bois,78980,YVELINES
91017,angervilliers,91470,ESSONNE
91095,bouray-sur-juine,91850,ESSONNE
91340,lisses,91090,ESSONNE
91376,marolles-en-hurepoix,91630,ESSONNE
91479,paray-vieille-poste,91550,ESSONNE
91546,st-cyr-sous-dourdan,91410,ESSONNE
91568,st-maurice-montcouronne,91530,ESSONNE
91631,varennes-jarcy,91480,ESSONNE
91692,les-ulis,91940,ESSONNE
92060,le-plessis-robinson,92350,HAUTS-DE-SEINE
93008,bobigny,93000,SEINE-SAINT-DENIS
93031,epinay-sur-seine,93800,SEINE-SAINT-DENIS
93039,l-ile-st-denis,93450,SEINE-SAINT-DENIS
94052,nogent-sur-marne,94130,VAL-DE-MARNE
95018,argenteuil,95100,VAL-D\'OISE
95144,chatenay-en-france,95190,VAL-D\'OISE
95387,menouville,95810,VAL-D\'OISE
95395,le-mesnil-aubry,95720,VAL-D\'OISE
95445,nerville-la-foret,95590,VAL-D\'OISE
95459,nucourt,95420,VAL-D\'OISE
95491,le-plessis-bouchard,95130,VAL-D\'OISE
95500,pontoise,95300,VAL-D\'OISE
77068,cessoy-en-montois,77520,SEINE-ET-MARNE
77071,chaintreaux,77460,SEINE-ET-MARNE
77073,chalautre-la-petite,77160,SEINE-ET-MARNE
77081,champdeuil,77390,SEINE-ET-MARNE
77082,champeaux,77720,SEINE-ET-MARNE
77104,chatres,77610,SEINE-ET-MARNE
77114,chevry-cossigny,77173,SEINE-ET-MARNE
77149,cucharmoy,77160,SEINE-ET-MARNE
77184,flagy,77940,SEINE-ET-MARNE
77194,forges,77130,SEINE-ET-MARNE
77217,grisy-suisnes,77166,SEINE-ET-MARNE
77292,messy,77410,SEINE-ET-MARNE
77297,mondreville,77570,SEINE-ET-MARNE
77321,mousseaux-les-bray,77480,SEINE-ET-MARNE
77383,rampillon,77370,SEINE-ET-MARNE
77395,rumont,77760,SEINE-ET-MARNE
77464,thorigny-sur-marne,77400,SEINE-ET-MARNE
77475,trilport,77470,SEINE-ET-MARNE
77477,ury,77760,SEINE-ET-MARNE
77496,vieux-champagne,77370,SEINE-ET-MARNE
77522,villiers-sur-seine,77114,SEINE-ET-MARNE
77530,voulton,77560,SEINE-ET-MARNE
78005,acheres,78260,YVELINES
78015,andresy,78570,YVELINES
78107,breval,78980,YVELINES
78126,la-celle-st-cloud,78170,YVELINES
78138,chanteloup-les-vignes,78570,YVELINES
78152,chavenay,78450,YVELINES
78224,l-etang-la-ville,78620,YVELINES
78350,louveciennes,78430,YVELINES
78431,morainvilliers,78630,YVELINES
78530,rosay,78790,YVELINES
78588,saulx-marchais,78650,YVELINES
78606,le-tartre-gaudran,78113,YVELINES
78623,le-tremblay-sur-mauldre,78490,YVELINES
75102,paris-02,75002,PARIS
75112,paris-12,75012,PARIS
91098,boutervilliers,91150,ESSONNE
91195,dannemois,91490,ESSONNE
91312,igny,91430,ESSONNE
91434,morsang-sur-orge,91390,ESSONNE
91494,le-plessis-pate,91220,ESSONNE
91525,roinville,91410,ESSONNE
91617,tigery,91250,ESSONNE
92044,levallois-perret,92300,HAUTS-DE-SEINE
92050,nanterre,92000,HAUTS-DE-SEINE
93006,bagnolet,93170,SEINE-SAINT-DENIS
93047,montfermeil,93370,SEINE-SAINT-DENIS
94079,villiers-sur-marne,94350,VAL-DE-MARNE
95055,bellefontaine,95270,VAL-D\'OISE
95252,franconville,95130,VAL-D\'OISE
95257,la-frette-sur-seine,95530,VAL-D\'OISE
95295,guiry-en-vexin,95450,VAL-D\'OISE
95303,le-heaulme,95640,VAL-D\'OISE
95313,l-isle-adam,95290,VAL-D\'OISE
95427,montmagny,95360,VAL-D\'OISE
95436,mours,95260,VAL-D\'OISE
75116,paris-16,75016,PARIS
77021,barbey,77130,SEINE-ET-MARNE
77022,barbizon,77630,SEINE-ET-MARNE
77098,chateaubleau,77370,SEINE-ET-MARNE
77129,coulombs-en-valois,77840,SEINE-ET-MARNE
77131,coulommiers,77120,SEINE-ET-MARNE
77157,dhuisy,77440,SEINE-ET-MARNE
77207,gironville,77890,SEINE-ET-MARNE
77281,mauperthuis,77120,SEINE-ET-MARNE
77306,montereau-sur-le-jard,77950,SEINE-ET-MARNE
77348,ormesson,77167,SEINE-ET-MARNE
77403,st-brice,77160,SEINE-ET-MARNE
77412,st-germain-sur-ecole,77930,SEINE-ET-MARNE
77424,st-martin-du-boschet,77320,SEINE-ET-MARNE
77427,st-mesmes,77410,SEINE-ET-MARNE
77431,st-pierre-les-nemours,77140,SEINE-ET-MARNE
77445,savigny-le-temple,77176,SEINE-ET-MARNE
78006,adainville,78113,YVELINES
78291,guerville,78930,YVELINES
91067,blandy,91150,ESSONNE
91099,boutigny-sur-essonne,91820,ESSONNE
91186,courson-monteloup,91680,ESSONNE
91240,fontaine-la-riviere,91690,ESSONNE
91458,nozay,91620,ESSONNE
91495,plessis-st-benoist,91410,ESSONNE
91549,ste-genevieve-des-bois,91700,ESSONNE
91657,vigneux-sur-seine,91270,ESSONNE
95012,amenucourt,95510,VAL-D\'OISE
95074,boisemont,95000,VAL-D\'OISE
95154,chennevieres-les-louvres,95380,VAL-D\'OISE
95203,eaubonne,95600,VAL-D\'OISE
95219,ermont,95120,VAL-D\'OISE
95229,ezanville,95460,VAL-D\'OISE
95316,jagny-sous-bois,95850,VAL-D\'OISE
95487,persan,95340,VAL-D\'OISE
95541,st-clair-sur-epte,95770,VAL-D\'OISE
95580,st-witz,95470,VAL-D\'OISE
95628,valmondois,95760,VAL-D\'OISE
77171,esbly,77450,SEINE-ET-MARNE
77202,la-genevraye,77690,SEINE-ET-MARNE
77216,grez-sur-loing,77880,SEINE-ET-MARNE
77223,gurcy-le-chatel,77520,SEINE-ET-MARNE
77264,lumigny-nesles-ormeaux,77540,SEINE-ET-MARNE
77279,marolles-sur-seine,77130,SEINE-ET-MARNE
77317,mormant,77720,SEINE-ET-MARNE
77327,nangis,77370,SEINE-ET-MARNE
77364,le-plessis-aux-bois,77165,SEINE-ET-MARNE
77366,le-plessis-l-eveque,77165,SEINE-ET-MARNE
77388,reuil-en-brie,77260,SEINE-ET-MARNE
77407,st-fargeau-ponthierry,77310,SEINE-ET-MARNE
77414,st-hilliers,77160,SEINE-ET-MARNE
77476,trocy-en-multien,77440,SEINE-ET-MARNE
77509,villeneuve-les-bordes,77154,SEINE-ET-MARNE
77518,villiers-en-biere,77190,SEINE-ET-MARNE
78071,boinville-le-gaillard,78660,YVELINES
78096,bourdonne,78113,YVELINES
78171,conde-sur-vesgre,78113,YVELINES
78208,elancourt,78990,YVELINES
78269,gazeran,78125,YVELINES
78366,mareil-le-guyon,78490,YVELINES
78384,medan,78670,YVELINES
78418,montesson,78360,YVELINES
78440,les-mureaux,78130,YVELINES
78470,orphin,78125,YVELINES
78528,rolleboise,78270,YVELINES
78551,st-germain-en-laye,78100,YVELINES
78646,versailles,78000,YVELINES
78653,vicq,78490,YVELINES
91226,etrechy,91580,ESSONNE
91347,longpont-sur-orge,91310,ESSONNE
91473,orveau,91590,ESSONNE
91579,st-vrain,91770,ESSONNE
91581,st-yon,91650,ESSONNE
91619,torfou,91730,ESSONNE
91665,la-ville-du-bois,91620,ESSONNE
92002,antony,92160,HAUTS-DE-SEINE
92022,chaville,92370,HAUTS-DE-SEINE
94003,arcueil,94110,VAL-DE-MARNE
95287,grisy-les-platres,95810,VAL-D\'OISE
95543,st-cyr-en-arthies,95510,VAL-D\'OISE
77006,arbonne-la-foret,77630,SEINE-ET-MARNE
77011,aufferville,77570,SEINE-ET-MARNE
77023,barcy,77910,SEINE-ET-MARNE
77027,beaumont-du-gatinais,77890,SEINE-ET-MARNE
77030,bellot,77510,SEINE-ET-MARNE
77055,brou-sur-chantereine,77177,SEINE-ET-MARNE
77060,buthiers,77760,SEINE-ET-MARNE
77117,citry,77730,SEINE-ET-MARNE
77122,combs-la-ville,77380,SEINE-ET-MARNE
77165,les-ecrennes,77820,SEINE-ET-MARNE
77180,ferolles-attilly,77150,SEINE-ET-MARNE
77191,fontenailles,77370,SEINE-ET-MARNE
77205,gesvres-le-chapitre,77165,SEINE-ET-MARNE
77244,larchant,77760,SEINE-ET-MARNE
77248,lesches,77450,SEINE-ET-MARNE
77283,may-en-multien,77145,SEINE-ET-MARNE
77316,moret--sur--loing,77250,SEINE-ET-MARNE
77355,paroy,77520,SEINE-ET-MARNE
77398,sablonnieres,77510,SEINE-ET-MARNE
78237,flins-neuve-eglise,78790,YVELINES
78289,grosrouvre,78490,YVELINES
78299,hardricourt,78250,YVELINES
78358,maisons-laffitte,78600,YVELINES
78382,maurecourt,78780,YVELINES
78481,le-pecq,78230,YVELINES
78545,st-cyr-l-ecole,78210,YVELINES
78567,st-martin-la-garenne,78520,YVELINES
78655,vieille-eglise-en-yvelines,78125,YVELINES
78681,villiers-le-mahieu,78770,YVELINES
78688,voisins-le-bretonneux,78960,YVELINES
93063,romainville,93230,SEINE-SAINT-DENIS
93078,villepinte,93420,SEINE-SAINT-DENIS
94022,choisy-le-roi,94600,VAL-DE-MARNE
94038,l-hay-les-roses,94240,VAL-DE-MARNE
94056,perigny,94520,VAL-DE-MARNE
95134,champagne-sur-oise,95660,VAL-D\'OISE
95139,la-chapelle-en-vexin,95420,VAL-D\'OISE
95199,domont,95330,VAL-D\'OISE
95214,epinay-champlatreux,95270,VAL-D\'OISE
95353,maffliers,95560,VAL-D\'OISE
95584,santeuil,95640,VAL-D\'OISE
91132,chamarande,91730,ESSONNE
91333,leuville-sur-orge,91310,ESSONNE
91411,les-molieres,91470,ESSONNE
91552,st-germain-les-arpajon,91180,ESSONNE
91570,st-michel-sur-orge,91240,ESSONNE
91587,saulx-les-chartreux,91160,ESSONNE
92063,rueil-malmaison,92500,HAUTS-DE-SEINE
75110,paris-10,75010,PARIS
77042,boissy-le-chatel,77169,SEINE-ET-MARNE
77046,boulancourt,77760,SEINE-ET-MARNE
77079,champagne-sur-seine,77430,SEINE-ET-MARNE
77087,la-chapelle-iger,77540,SEINE-ET-MARNE
77088,la-chapelle-la-reine,77760,SEINE-ET-MARNE
77107,chaumes-en-brie,77390,SEINE-ET-MARNE
77183,la-ferte-sous-jouarre,77260,SEINE-ET-MARNE
77229,la-houssaye-en-brie,77610,SEINE-ET-MARNE
77284,meaux,77100,SEINE-ET-MARNE
77298,mons-en-montois,77520,SEINE-ET-MARNE
77341,noyen-sur-seine,77114,SEINE-ET-MARNE
77344,oissery,77178,SEINE-ET-MARNE
77350,ozoir-la-ferriere,77330,SEINE-ET-MARNE
77354,pamfou,77830,SEINE-ET-MARNE
77392,rouvres,77230,SEINE-ET-MARNE
77421,st-mars-vieux-maisons,77320,SEINE-ET-MARNE
77487,vaux-le-penil,77000,SEINE-ET-MARNE
78036,autouillet,78770,YVELINES
78090,bouafle,78410,YVELINES
78193,dampierre-en-yvelines,78720,YVELINES
78239,follainville-dennemont,78520,YVELINES
78290,guernes,78520,YVELINES
78296,guitrancourt,78440,YVELINES
78310,houdan,78550,YVELINES
78381,maulette,78550,YVELINES
78397,le-mesnil-st-denis,78320,YVELINES
78618,tilly,78790,YVELINES
91045,ballancourt-sur-essonne,91610,ESSONNE
91131,chalou-moulineux,91740,ESSONNE
91273,gironville-sur-essonne,91720,ESSONNE
91441,nainville-les-roches,91750,ESSONNE
91577,saintry-sur-seine,91250,ESSONNE
91685,villiers-sur-orge,91700,ESSONNE
92004,asnieres-sur-seine,92600,HAUTS-DE-SEINE
93007,le-blanc-mesnil,93150,SEINE-SAINT-DENIS
94016,cachan,94230,VAL-DE-MARNE
94043,le-kremlin-bicetre,94270,VAL-DE-MARNE
95127,cergy,95800,VAL-D\'OISE
95177,cormeilles-en-vexin,95830,VAL-D\'OISE
95253,fremainville,95450,VAL-D\'OISE
95254,fremecourt,95830,VAL-D\'OISE
95331,lassy,95270,VAL-D\'OISE
95394,mery-sur-oise,95540,VAL-D\'OISE
95424,montigny-les-cormeilles,95370,VAL-D\'OISE
95585,sarcelles,95200,VAL-D\'OISE
95637,vaureal,95490,VAL-D\'OISE
95690,wy-dit-joli-village,95420,VAL-D\'OISE
77309,monthyon,77122,SEINE-ET-MARNE
77312,montigny-sur-loing,77690,SEINE-ET-MARNE
77339,noisy-sur-ecole,77123,SEINE-ET-MARNE
77367,le-plessis-placy,77440,SEINE-ET-MARNE
77379,provins,77160,SEINE-ET-MARNE
77393,rozay-en-brie,77540,SEINE-ET-MARNE
77396,rupereux,77560,SEINE-ET-MARNE
77405,st-cyr-sur-morin,77750,SEINE-ET-MARNE
77420,st-mard,77230,SEINE-ET-MARNE
77433,saints,77120,SEINE-ET-MARNE
77481,vanville,77370,SEINE-ET-MARNE
77491,veneux-les-sablons,77250,SEINE-ET-MARNE
77526,vincy-manoeuvre,77139,SEINE-ET-MARNE
78003,ablis,78660,YVELINES
78007,aigremont,78240,YVELINES
78050,bazoches-sur-guyonne,78490,YVELINES
78087,bonnelles,78830,YVELINES
78192,dammartin-en-serve,78111,YVELINES
78206,ecquevilly,78920,YVELINES
78242,fontenay-le-fleury,78330,YVELINES
78498,poissy,78300,YVELINES
78616,thoiry,78770,YVELINES
78638,vaux-sur-seine,78740,YVELINES
78644,la-verriere,78320,YVELINES
91111,briis-sous-forges,91640,ESSONNE
91145,chatignonville,91410,ESSONNE
91180,courances,91490,ESSONNE
91339,linas,91310,ESSONNE
91399,mespuits,91150,ESSONNE
91477,palaiseau,91120,ESSONNE
91648,vert-le-grand,91810,ESSONNE
92023,clamart,92140,HAUTS-DE-SEINE
93073,tremblay-en-france,93290,SEINE-SAINT-DENIS
94011,bonneuil-sur-marne,94380,VAL-DE-MARNE
94046,maisons-alfort,94700,VAL-DE-MARNE
94076,villejuif,94800,VAL-DE-MARNE
95002,ableiges,95450,VAL-D\'OISE
95091,bouffemont,95570,VAL-D\'OISE
95256,frepillon,95740,VAL-D\'OISE
95351,louvres,95380,VAL-D\'OISE
95509,puiseux-en-france,95380,VAL-D\'OISE
95574,st-prix,95390,VAL-D\'OISE
77100,le-chatelet-en-brie,77820,SEINE-ET-MARNE
77156,darvault,77140,SEINE-ET-MARNE
77168,egreville,77620,SEINE-ET-MARNE
77186,fontainebleau,77300,SEINE-ET-MARNE
77195,fouju,77390,SEINE-ET-MARNE
77210,la-grande-paroisse,77130,SEINE-ET-MARNE
77214,gressy,77410,SEINE-ET-MARNE
77215,gretz-armainvilliers,77220,SEINE-ET-MARNE
77222,guignes,77390,SEINE-ET-MARNE
77249,lesigny,77150,SEINE-ET-MARNE
75109,paris-09,75009,PARIS
77033,bezalles,77970,SEINE-ET-MARNE
77070,chailly-en-brie,77120,SEINE-ET-MARNE
77075,chalifert,77144,SEINE-ET-MARNE
77078,chamigny,77260,SEINE-ET-MARNE
77118,claye-souilly,77410,SEINE-ET-MARNE
77119,clos-fontaine,77370,SEINE-ET-MARNE
77221,guermantes,77600,SEINE-ET-MARNE
77235,jaignes,77440,SEINE-ET-MARNE
77254,liverdy-en-brie,77220,SEINE-ET-MARNE
77394,rubelles,77950,SEINE-ET-MARNE
77444,sancy-les-provins,77320,SEINE-ET-MARNE
77446,savins,77650,SEINE-ET-MARNE
77449,serris,77700,SEINE-ET-MARNE
77456,soisy-bouy,77650,SEINE-ET-MARNE
78049,bazemont,78580,YVELINES
78072,boinvilliers,78200,YVELINES
78104,breuil-bois-robert,78930,YVELINES
78118,buchelay,78200,YVELINES
78165,les-clayes-sous-bois,78340,YVELINES
78194,dannemarie,78550,YVELINES
78325,jumeauville,78580,YVELINES
78356,magny-les-hameaux,78114,YVELINES
78396,le-mesnil-le-roi,78600,YVELINES
78442,neauphle-le-chateau,78640,YVELINES
78443,neauphle-le-vieux,78640,YVELINES
78478,paray-douaville,78660,YVELINES
78524,rocquencourt,78150,YVELINES
78561,st-lambert,78470,YVELINES
78571,st-nom-la-breteche,78860,YVELINES
91103,bretigny-sur-orge,91220,ESSONNE
91135,champcueil,91750,ESSONNE
91469,ormoy-la-riviere,91150,ESSONNE
91519,richarville,91410,ESSONNE
91521,ris-orangis,91130,ESSONNE
91679,villiers-le-bacle,91190,ESSONNE
94042,joinville-le-pont,94340,VAL-DE-MARNE
95241,fontenay-en-parisis,95190,VAL-D\'OISE
95280,goussainville,95190,VAL-D\'OISE
77031,bernay-vilbert,77540,SEINE-ET-MARNE
77032,beton-bazoches,77320,SEINE-ET-MARNE
77040,boissise-le-roi,77310,SEINE-ET-MARNE
77043,boitron,77750,SEINE-ET-MARNE
77109,chenoise,77160,SEINE-ET-MARNE
77113,chevru,77320,SEINE-ET-MARNE
77116,choisy-en-brie,77320,SEINE-ET-MARNE
77124,conches-sur-gondoire,77600,SEINE-ET-MARNE
77178,fay-les-nemours,77167,SEINE-ET-MARNE
77197,fretoy,77320,SEINE-ET-MARNE
77206,giremoutiers,77120,SEINE-ET-MARNE
77310,montigny-le-guesdier,77480,SEINE-ET-MARNE
77356,passy-sur-seine,77480,SEINE-ET-MARNE
77361,pierre-levee,77580,SEINE-ET-MARNE
77386,recloses,77760,SEINE-ET-MARNE
77404,ste-colombe,77650,SEINE-ET-MARNE
77406,st-denis-les-rebais,77510,SEINE-ET-MARNE
77435,st-sauveur-sur-ecole,77930,SEINE-ET-MARNE
77437,st-soupplets,77165,SEINE-ET-MARNE
77490,vendrest,77440,SEINE-ET-MARNE
77495,vert-st-denis,77240,SEINE-ET-MARNE
77528,voisenon,77950,SEINE-ET-MARNE
78031,auffreville-brasseuil,78930,YVELINES
78084,boissy-sans-avoir,78490,YVELINES
78233,feucherolles,78810,YVELINES
78246,fontenay-st-pere,78440,YVELINES
78389,mere,78490,YVELINES
78503,port-villez,78270,YVELINES
78557,st-hilarion,78125,YVELINES
78642,verneuil-sur-seine,78480,YVELINES
78683,villiers-st-frederic,78640,YVELINES
91248,la-foret-ste-croix,91150,ESSONNE
91249,forges-les-bains,91470,ESSONNE
91294,guillerval,91690,ESSONNE
91377,massy,91300,ESSONNE
91432,morangis,91420,ESSONNE
91589,savigny-sur-orge,91600,ESSONNE
91635,vauhallan,91430,ESSONNE
91649,vert-le-petit,91710,ESSONNE
91689,wissous,91320,ESSONNE
92051,neuilly-sur-seine,92200,HAUTS-DE-SEINE
93015,coubron,93470,SEINE-SAINT-DENIS
93030,dugny,93440,SEINE-SAINT-DENIS
94074,valenton,94460,VAL-DE-MARNE
95014,andilly,95580,VAL-D\'OISE
95024,arthies,95420,VAL-D\'OISE
95046,banthelu,95420,VAL-D\'OISE
95205,ecouen,95440,VAL-D\'OISE
95598,soisy-sous-montmorency,95230,VAL-D\'OISE
77045,bougligny,77570,SEINE-ET-MARNE
77084,changis-sur-marne,77660,SEINE-ET-MARNE
77130,coulommes,77580,SEINE-ET-MARNE
77152,dammarie-les-lys,77190,SEINE-ET-MARNE
77204,germigny-sous-coulombs,77840,SEINE-ET-MARNE
77240,jouy-sur-morin,77320,SEINE-ET-MARNE
77250,leudon-en-brie,77320,SEINE-ET-MARNE
77261,lorrez-le-bocage-preaux,77710,SEINE-ET-MARNE
75114,paris-14,75014,PARIS
77301,montceaux-les-provins,77151,SEINE-ET-MARNE
77311,montigny-lencoup,77520,SEINE-ET-MARNE
77347,les-ormes-sur-voulzie,77134,SEINE-ET-MARNE
77372,pomponne,77400,SEINE-ET-MARNE
77380,puisieux,77139,SEINE-ET-MARNE
77390,roissy-en-brie,77680,SEINE-ET-MARNE
77400,st-augustin,77515,SEINE-ET-MARNE
77411,st-germain-sous-doue,77169,SEINE-ET-MARNE
77418,st-loup-de-naud,77650,SEINE-ET-MARNE
77439,salins,77148,SEINE-ET-MARNE
77534,yebles,77390,SEINE-ET-MARNE
78057,bennecourt,78270,YVELINES
78140,chapet,78130,YVELINES
78162,choisel,78460,YVELINES
78227,evecquemont,78740,YVELINES
78276,gommecourt,78270,YVELINES
78403,mezy-sur-seine,78250,YVELINES
78413,mondreville,78980,YVELINES
78484,perdreauville,78200,YVELINES
78497,poigny-la-foret,78125,YVELINES
78506,prunay-en-yvelines,78660,YVELINES
91037,auvernaux,91830,ESSONNE
91207,egly,91520,ESSONNE
91247,la-foret-le-roi,91410,ESSONNE
91292,guibeville,91630,ESSONNE
91318,janville-sur-juine,91510,ESSONNE
91338,limours,91470,ESSONNE
91390,mereville,91660,ESSONNE
92012,boulogne-billancourt,92100,HAUTS-DE-SEINE
93001,aubervilliers,93300,SEINE-SAINT-DENIS
93050,neuilly-sur-marne,93330,SEINE-SAINT-DENIS
94037,gentilly,94250,VAL-DE-MARNE
94044,limeil-brevannes,94450,VAL-DE-MARNE
95028,attainville,95570,VAL-D\'OISE
95141,charmont,95420,VAL-D\'OISE
95157,cherence,95510,VAL-D\'OISE
95218,eragny,95610,VAL-D\'OISE
95282,gouzangrez,95450,VAL-D\'OISE
95298,haravilliers,95640,VAL-D\'OISE
95379,maudetour-en-vexin,95420,VAL-D\'OISE
95428,montmorency,95160,VAL-D\'OISE
95429,montreuil-sur-epte,95770,VAL-D\'OISE
91016,angerville,91670,ESSONNE
91035,authon-la-plaine,91410,ESSONNE
91079,boissy-la-riviere,91690,ESSONNE
91112,brouy,91150,ESSONNE
91114,brunoy,91800,ESSONNE
91243,fontenay-les-briis,91640,ESSONNE
91393,merobert,91780,ESSONNE
91573,st-pierre-du-perray,91280,ESSONNE
91613,congerville-thionville,91740,ESSONNE
94033,fontenay-sous-bois,94120,VAL-DE-MARNE
94067,st-mande,94160,VAL-DE-MARNE
95054,le-bellay-en-vexin,95750,VAL-D\'OISE
95212,epiais-les-louvres,95380,VAL-D\'OISE
95268,garges-les-gonesse,95140,VAL-D\'OISE
95510,puiseux-pontoise,95650,VAL-D\'OISE
95554,st-gervais,95420,VAL-D\'OISE
95651,vetheuil,95510,VAL-D\'OISE
95675,villeron,95380,VAL-D\'OISE
77001,acheres-la-foret,77760,SEINE-ET-MARNE
77002,amillis,77120,SEINE-ET-MARNE
77015,baby,77480,SEINE-ET-MARNE
77066,cerneux,77320,SEINE-ET-MARNE
77151,dagny,77320,SEINE-ET-MARNE
77166,ecuelles,77250,SEINE-ET-MARNE
77179,fericy,77133,SEINE-ET-MARNE
77238,jouarre,77640,SEINE-ET-MARNE
77242,jutigny,77650,SEINE-ET-MARNE
75106,paris-06,75006,PARIS
77313,montmachoux,77940,SEINE-ET-MARNE
77371,pommeuse,77515,SEINE-ET-MARNE
77378,pringy,77310,SEINE-ET-MARNE
77484,vaucourtois,77580,SEINE-ET-MARNE
77529,voulangis,77580,SEINE-ET-MARNE
77532,vulaines-les-provins,77160,SEINE-ET-MARNE
78029,aubergenville,78410,YVELINES
78068,blaru,78270,YVELINES
78076,boissets,78910,YVELINES
78185,courgent,78790,YVELINES
78278,goupillieres,78770,YVELINES
78285,gressey,78550,YVELINES
78297,guyancourt,78280,YVELINES
78302,la-hauteville,78113,YVELINES
78364,marcq,78770,YVELINES
78385,menerville,78200,YVELINES
78404,millemont,78940,YVELINES
78465,orgerus,78910,YVELINES
78518,rennemoulin,78590,YVELINES
78537,st-arnoult-en-yvelines,78730,YVELINES
78586,sartrouville,78500,YVELINES
78605,tacoignieres,78910,YVELINES
78609,tessancourt-sur-aubette,78250,YVELINES
78621,trappes,78190,YVELINES
78643,vernouillet,78540,YVELINES
91001,abbeville-la-riviere,91150,ESSONNE
91085,boissy-sous-st-yon,91790,ESSONNE
91159,chevannes,91750,ESSONNE
91204,echarcon,91540,ESSONNE
91215,epinay-sous-senart,91860,ESSONNE
91315,itteville,91760,ESSONNE
91374,marolles-en-beauce,91150,ESSONNE
91461,ollainville,91340,ESSONNE
91471,orsay,91400,ESSONNE
91553,st-germain-les-corbeil,91250,ESSONNE
91556,st-hilaire,91780,ESSONNE
91659,villabe,91100,ESSONNE
91671,villeneuve-sur-auvers,91580,ESSONNE
91687,viry-chatillon,91170,ESSONNE
92020,chatillon,92320,HAUTS-DE-SEINE
92026,courbevoie,92400,HAUTS-DE-SEINE
92064,st-cloud,92210,HAUTS-DE-SEINE
92075,vanves,92170,HAUTS-DE-SEINE
95061,bethemont-la-foret,95840,VAL-D\'OISE
95101,bray-et-lu,95710,VAL-D\'OISE
95102,breancon,95640,VAL-D\'OISE
95110,brignancourt,95640,VAL-D\'OISE
95142,chars,95750,VAL-D\'OISE
95170,condecourt,95450,VAL-D\'OISE
95270,genainville,95420,VAL-D\'OISE
95277,gonesse,95500,VAL-D\'OISE
95301,haute-isle,95780,VAL-D\'OISE
95306,herblay,95220,VAL-D\'OISE
95371,marly-la-ville,95670,VAL-D\'OISE
95438,moussy,95640,VAL-D\'OISE
77065,cely,77930,SEINE-ET-MARNE
77080,champcenest,77560,SEINE-ET-MARNE
77085,chanteloup-en-brie,77600,SEINE-ET-MARNE
77096,chartrettes,77590,SEINE-ET-MARNE
77110,chenou,77570,SEINE-ET-MARNE
77132,coupvray,77700,SEINE-ET-MARNE
77140,coutencon,77154,SEINE-ET-MARNE
77159,donnemarie-dontilly,77520,SEINE-ET-MARNE
77164,echouboulains,77830,SEINE-ET-MARNE
77200,garentreville,77890,SEINE-ET-MARNE
77227,herme,77114,SEINE-ET-MARNE
77231,isles-les-meldeuses,77440,SEINE-ET-MARNE
77303,montdauphin,77320,SEINE-ET-MARNE
77320,mouroux,77120,SEINE-ET-MARNE
77323,moussy-le-vieux,77230,SEINE-ET-MARNE
77359,perthes,77930,SEINE-ET-MARNE
77402,st-barthelemy,77320,SEINE-ET-MARNE
77463,thomery,77810,SEINE-ET-MARNE
77479,vaires-sur-marne,77360,SEINE-ET-MARNE
78048,bazainville,78550,YVELINES
78073,bois-d-arcy,78390,YVELINES
78158,le-chesnay,78150,YVELINES
78267,gargenville,78440,YVELINES
78327,juziers,78820,YVELINES
78334,levis-st-nom,78320,YVELINES
78562,st-leger-en-yvelines,78610,YVELINES
78672,villennes-sur-seine,78670,YVELINES
